,feature,feature_type,fold-1,fold-2,model
0,description,,0.5862068965517241,0.6419753086419752,SVC
1,description,,0.5398773006134969,0.5888324873096447,CART
0,description,,0.582857142857143,0.6545454545454547,SVC
1,description,,0.5856353591160222,0.5898617511520737,CART
0,,description-job_title,0.6802030456852792,0.6774193548387097,SVC
1,,description-job_title,0.5357142857142856,0.6530612244897959,CART
0,,description-job_title,0.47798742138364775,0.5066666666666667,SVC
1,,description-job_title,0.47798742138364775,0.5066666666666667,CART
